date,복리적금
2020-03-20,46.6882
2020-03-21,37.8029
2020-03-22,37.4798
2020-03-23,50.56542
2020-03-24,47.33441
2020-03-25,48.30371
2020-03-26,54.28109
2020-03-27,53.63489
2020-03-28,37.4798
2020-03-29,36.18739
2020-03-30,45.07269
2020-03-31,52.66558
2020-04-01,43.29563
2020-04-02,36.99515
2020-04-03,35.86429
2020-04-04,30.21001
2020-04-05,30.37156
2020-04-06,37.8029
2020-04-07,38.61066
2020-04-08,39.74151
2020-04-09,38.77221
2020-04-10,41.84168
2020-04-11,32.63327
2020-04-12,25.84814
2020-04-13,36.02584
2020-04-14,48.94991
2020-04-15,31.98707
2020-04-16,33.60258
2020-04-17,38.28756
2020-04-18,32.47172
2020-04-19,29.72536
2020-04-20,32.14862
2020-04-21,42.00323
2020-04-22,43.61873
2020-04-23,41.03392
2020-04-24,31.34087
2020-04-25,25.68659
2020-04-26,24.55573
2020-04-27,31.34087
2020-04-28,35.05654
2020-04-29,33.11793
2020-04-30,23.26332
2020-05-01,23.90953
2020-05-02,21.64781
2020-05-03,23.90953
2020-05-04,38.77221
2020-05-05,25.04038
2020-05-06,32.14862
2020-05-07,38.44911
2020-05-08,32.79483
2020-05-09,29.24071
2020-05-10,24.71728
2020-05-11,38.44911
2020-05-12,37.96445
2020-05-13,30.21001
2020-05-14,34.89499
2020-05-15,30.69466
2020-05-16,21.48626
2020-05-17,21.00161
2020-05-18,32.95638
2020-05-19,37.96445
2020-05-20,37.64135
2020-05-21,38.44911
2020-05-22,30.04846
2020-05-23,20.19386
2020-05-24,26.17124
2020-05-25,38.93376
2020-05-26,29.88691
2020-05-27,35.54119
2020-05-28,28.75605
2020-05-29,25.68659
2020-05-30,16.31663
2020-05-31,22.45557
2020-06-01,33.44103
2020-06-02,33.27948
2020-06-03,31.82552
2020-06-04,32.79483
2020-06-05,33.44103
2020-06-06,24.87883
2020-06-07,23.90953
2020-06-08,34.24878
2020-06-09,33.11793
2020-06-10,34.41033
2020-06-11,33.11793
2020-06-12,28.75605
2020-06-13,20.35541
2020-06-14,23.10177
2020-06-15,30.37156
2020-06-16,31.50242
2020-06-17,30.21001
2020-06-18,37.96445
2020-06-19,27.6252
2020-06-20,22.61712
2020-06-21,22.45557
2020-06-22,35.54119
2020-06-23,32.95638
2020-06-24,36.99515
2020-06-25,40.54927
2020-06-26,34.73344
2020-06-27,18.90145
2020-06-28,21.97092
2020-06-29,32.31017
2020-06-30,34.41033
2020-07-01,34.24878
2020-07-02,30.37156
2020-07-03,27.6252
2020-07-04,21.97092
2020-07-05,24.55573
2020-07-06,36.99515
2020-07-07,36.02584
2020-07-08,31.98707
2020-07-09,38.28756
2020-07-10,30.85621
2020-07-11,17.12439
2020-07-12,23.10177
2020-07-13,33.11793
2020-07-14,33.44103
2020-07-15,34.24878
2020-07-16,32.47172
2020-07-17,31.17932
2020-07-18,17.44749
2020-07-19,22.13247
2020-07-20,26.49434
2020-07-21,32.31017
2020-07-22,32.63327
2020-07-23,31.17932
2020-07-24,34.24878
2020-07-25,20.03231
2020-07-26,23.58642
2020-07-27,29.40226
2020-07-28,33.60258
2020-07-29,29.88691
2020-07-30,34.24878
2020-07-31,31.98707
2020-08-01,26.49434
2020-08-02,22.45557
2020-08-03,26.33279
2020-08-04,26.65589
2020-08-05,35.54119
2020-08-06,26.97899
2020-08-07,29.72536
2020-08-08,25.68659
2020-08-09,20.03231
2020-08-10,36.67205
2020-08-11,34.41033
2020-08-12,34.41033
2020-08-13,26.00969
2020-08-14,25.52504
2020-08-15,17.93214
2020-08-16,18.25525
2020-08-17,22.45557
2020-08-18,32.63327
2020-08-19,28.75605
2020-08-20,31.66397
2020-08-21,22.13247
2020-08-22,20.51696
2020-08-23,26.17124
2020-08-24,29.40226
2020-08-25,31.34087
2020-08-26,37.8029
2020-08-27,32.79483
2020-08-28,25.20193
2020-08-29,23.90953
2020-08-30,77.70597
2020-08-31,52.34248
2020-09-01,43.13408
2020-09-02,32.79483
2020-09-03,31.01777
2020-09-04,33.11793
2020-09-05,24.23263
2020-09-06,20.84006
2020-09-07,31.98707
2020-09-08,47.33441
2020-09-09,34.73344
2020-09-10,42.16478
2020-09-11,33.44103
2020-09-12,22.61712
2020-09-13,45.23424
2020-09-14,35.21809
2020-09-15,34.57189
2020-09-16,38.93376
2020-09-17,28.10985
2020-09-18,25.84814
2020-09-19,20.03231
2020-09-20,20.19386
2020-09-21,30.53311
2020-09-22,31.01777
2020-09-23,30.53311
2020-09-24,28.9176
2020-09-25,25.20193
2020-09-26,20.03231
2020-09-27,24.71728
2020-09-28,34.89499
2020-09-29,29.72536
2020-09-30,15.50888
2020-10-01,16.80129
2020-10-02,25.04038
2020-10-03,21.64781
2020-10-04,28.75605
2020-10-05,33.44103
2020-10-06,31.34087
2020-10-07,32.47172
2020-10-08,27.46365
2020-10-09,25.04038
2020-10-10,20.67851
2020-10-11,26.65589
2020-10-12,32.31017
2020-10-13,71.24394
2020-10-14,89.49919
2020-10-15,50.40387
2020-10-16,36.99515
2020-10-17,42.16478
2020-10-18,37.8029
2020-10-19,48.62681
2020-10-20,40.22617
2020-10-21,45.7189
2020-10-22,33.11793
2020-10-23,36.5105
2020-10-24,23.26332
2020-10-25,24.87883
2020-10-26,31.50242
2020-10-27,31.66397
2020-10-28,47.81906
2020-10-29,37.64135
2020-10-30,32.63327
2020-10-31,23.10177
2020-11-01,27.9483
2020-11-02,36.18739
2020-11-03,37.31825
2020-11-04,34.24878
2020-11-05,35.70274
2020-11-06,25.04038
2020-11-07,21.00161
2020-11-08,26.00969
2020-11-09,30.37156
2020-11-10,33.44103
2020-11-11,29.88691
2020-11-12,28.75605
2020-11-13,27.78675
2020-11-14,17.28594
2020-11-15,18.57835
2020-11-16,30.85621
2020-11-17,29.07915
2020-11-18,30.85621
2020-11-19,31.34087
2020-11-20,24.39418
2020-11-21,18.57835
2020-11-22,18.57835
2020-11-23,26.33279
2020-11-24,24.39418
2020-11-25,32.95638
2020-11-26,25.68659
2020-11-27,23.58642
2020-11-28,21.64781
2020-11-29,21.97092
2020-11-30,26.65589
2020-12-01,29.40226
2020-12-02,33.11793
2020-12-03,25.52504
2020-12-04,21.97092
2020-12-05,18.7399
2020-12-06,24.55573
2020-12-07,25.36348
2020-12-08,26.81744
2020-12-09,23.26332
2020-12-10,25.20193
2020-12-11,28.5945
2020-12-12,15.34733
2020-12-13,17.12439
2020-12-14,18.09369
2020-12-15,20.84006
2020-12-16,19.3861
2020-12-17,17.93214
2020-12-18,14.37802
2020-12-19,11.95476
2020-12-20,11.47011
2020-12-21,12.43941
2020-12-22,13.24717
2020-12-23,11.95476
2020-12-24,10.01615
2020-12-25,6.94668
2020-12-26,10.01615
2020-12-27,15.50888
2020-12-28,25.20193
2020-12-29,29.40226
2020-12-30,26.97899
2020-12-31,25.20193
2021-01-01,19.54765
2021-01-02,18.90145
2021-01-03,19.22455
2021-01-04,26.17124
2021-01-05,27.46365
2021-01-06,33.27948
2021-01-07,32.47172
2021-01-08,35.21809
2021-01-09,21.32471
2021-01-10,26.65589
2021-01-11,32.14862
2021-01-12,33.60258
2021-01-13,32.31017
2021-01-14,33.11793
2021-01-15,34.08723
2021-01-16,27.3021
2021-01-17,33.60258
2021-01-18,29.24071
2021-01-19,33.11793
2021-01-20,39.74151
2021-01-21,33.60258
2021-01-22,34.41033
2021-01-23,18.57835
2021-01-24,24.87883
2021-01-25,38.44911
2021-01-26,36.99515
2021-01-27,38.44911
2021-01-28,29.56381
2021-01-29,34.08723
2021-01-30,27.3021
2021-01-31,25.20193
2021-02-01,32.79483
2021-02-02,39.57996
2021-02-03,38.44911
2021-02-04,36.18739
2021-02-05,33.44103
2021-02-06,22.61712
2021-02-07,20.35541
2021-02-08,37.8029
2021-02-09,37.8029
2021-02-10,33.76413
2021-02-11,25.20193
2021-02-12,38.93376
2021-02-13,30.53311
2021-02-14,33.11793
2021-02-15,59.12762
2021-02-16,41.68012
2021-02-17,32.95638
2021-02-18,34.89499
2021-02-19,33.76413
2021-02-20,27.46365
2021-02-21,29.72536
2021-02-22,34.89499
2021-02-23,31.50242
2021-02-24,30.69466
2021-02-25,36.8336
2021-02-26,36.34894
2021-02-27,20.35541
2021-02-28,30.37156
2021-03-01,30.37156
2021-03-02,34.89499
2021-03-03,31.50242
2021-03-04,25.20193
2021-03-05,25.20193
2021-03-06,25.84814
2021-03-07,22.29402
2021-03-08,25.68659
2021-03-09,28.5945
2021-03-10,29.40226
2021-03-11,59.61227
2021-03-12,32.79483
2021-03-13,18.4168
2021-03-14,22.77867
2021-03-15,23.26332
2021-03-16,29.72536
2021-03-17,30.69466
2021-03-18,26.33279
2021-03-19,18.90145
2021-03-20,17.77059
2021-03-21,20.51696
2021-03-22,30.53311
2021-03-23,30.85621
2021-03-24,22.94022
2021-03-25,29.40226
2021-03-26,30.53311
2021-03-27,26.81744
2021-03-28,25.68659
2021-03-29,27.78675
2021-03-30,33.27948
2021-03-31,31.50242
2021-04-01,26.33279
2021-04-02,21.48626
2021-04-03,23.42487
2021-04-04,20.51696
2021-04-05,25.36348
2021-04-06,27.3021
2021-04-07,25.52504
2021-04-08,22.13247
2021-04-09,20.19386
2021-04-10,14.53957
2021-04-11,15.99353
2021-04-12,21.16316
2021-04-13,25.04038
2021-04-14,22.77867
2021-04-15,19.063
2021-04-16,24.55573
2021-04-17,13.57027
2021-04-18,19.063
2021-04-19,22.77867
2021-04-20,28.10985
2021-04-21,25.36348
2021-04-22,19.87075
2021-04-23,23.26332
2021-04-24,17.28594
2021-04-25,19.54765
2021-04-26,21.97092
2021-04-27,25.04038
2021-04-28,18.90145
2021-04-29,24.55573
2021-04-30,23.58642
2021-05-01,17.77059
2021-05-02,17.28594
2021-05-03,22.77867
2021-05-04,24.39418
2021-05-05,20.67851
2021-05-06,22.94022
2021-05-07,18.4168
2021-05-08,14.37802
2021-05-09,15.02423
2021-05-10,19.7092
2021-05-11,23.90953
2021-05-12,19.22455
2021-05-13,20.51696
2021-05-14,21.00161
2021-05-15,12.43941
2021-05-16,23.10177
2021-05-17,23.26332
2021-05-18,18.4168
2021-05-19,20.51696
2021-05-20,26.81744
2021-05-21,22.77867
2021-05-22,19.3861
2021-05-23,23.26332
2021-05-24,25.20193
2021-05-25,25.52504
2021-05-26,29.07915
2021-05-27,22.13247
2021-05-28,22.61712
2021-05-29,12.27786
2021-05-30,16.31663
2021-05-31,22.77867
2021-06-01,20.67851
2021-06-02,17.93214
2021-06-03,21.48626
2021-06-04,17.77059
2021-06-05,12.76252
2021-06-06,15.83198
2021-06-07,15.83198
2021-06-08,20.35541
2021-06-09,21.80936
2021-06-10,21.80936
2021-06-11,18.25525
2021-06-12,14.53957
2021-06-13,14.86268
2021-06-14,19.87075
2021-06-15,24.39418
2021-06-16,20.84006
2021-06-17,20.84006
2021-06-18,16.63974
2021-06-19,17.44749
2021-06-20,14.86268
2021-06-21,21.16316
2021-06-22,18.4168
2021-06-23,15.83198
2021-06-24,19.22455
2021-06-25,20.03231
2021-06-26,13.73182
2021-06-27,13.40872
2021-06-28,18.25525
2021-06-29,21.80936
2021-06-30,21.80936
2021-07-01,21.80936
2021-07-02,18.4168
2021-07-03,11.63166
2021-07-04,12.92407
2021-07-05,19.87075
2021-07-06,18.4168
2021-07-07,20.19386
2021-07-08,21.16316
2021-07-09,17.60904
2021-07-10,14.21647
2021-07-11,14.37802
2021-07-12,21.80936
2021-07-13,19.3861
2021-07-14,20.67851
2021-07-15,19.063
2021-07-16,17.60904
2021-07-17,10.33925
2021-07-18,12.92407
2021-07-19,17.77059
2021-07-20,16.47819
2021-07-21,19.3861
2021-07-22,19.3861
2021-07-23,15.99353
2021-07-24,12.43941
2021-07-25,12.11631
2021-07-26,23.10177
2021-07-27,23.90953
2021-07-28,16.31663
2021-07-29,17.44749
2021-07-30,18.4168
2021-07-31,12.60096
2021-08-01,16.63974
2021-08-02,11.95476
2021-08-03,11.14701
2021-08-04,15.18578
2021-08-05,19.22455
2021-08-06,17.28594
2021-08-07,15.18578
2021-08-08,12.60096
2021-08-09,15.50888
2021-08-10,15.02423
2021-08-11,12.27786
2021-08-12,18.4168
2021-08-13,18.7399
2021-08-14,15.50888
2021-08-15,11.47011
2021-08-16,17.60904
2021-08-17,18.7399
2021-08-18,21.64781
2021-08-19,20.19386
2021-08-20,14.21647
2021-08-21,10.98546
2021-08-22,16.15508
2021-08-23,20.84006
2021-08-24,22.94022
2021-08-25,21.97092
2021-08-26,21.16316
2021-08-27,18.7399
2021-08-28,14.05492
2021-08-29,15.83198
2021-08-30,30.37156
2021-08-31,21.48626
2021-09-01,20.03231
2021-09-02,20.03231
2021-09-03,18.90145
2021-09-04,17.60904
2021-09-05,20.67851
2021-09-06,20.03231
2021-09-07,20.51696
2021-09-08,23.42487
2021-09-09,21.48626
2021-09-10,22.77867
2021-09-11,19.3861
2021-09-12,19.063
2021-09-13,17.77059
2021-09-14,18.57835
2021-09-15,20.03231
2021-09-16,19.3861
2021-09-17,22.13247
2021-09-18,14.21647
2021-09-19,15.67043
2021-09-20,15.50888
2021-09-21,17.93214
2021-09-22,18.25525
2021-09-23,29.24071
2021-09-24,25.68659
2021-09-25,20.67851
2021-09-26,16.96284
2021-09-27,24.87883
2021-09-28,23.90953
2021-09-29,24.87883
2021-09-30,22.13247
2021-10-01,22.77867
2021-10-02,15.34733
2021-10-03,13.40872
2021-10-04,19.7092
2021-10-05,51.21163
2021-10-06,19.22455
2021-10-07,21.32471
2021-10-08,25.20193
2021-10-09,15.83198
2021-10-10,15.83198
2021-10-11,18.57835
2021-10-12,22.45557
2021-10-13,21.16316
2021-10-14,24.39418
2021-10-15,17.77059
2021-10-16,19.063
2021-10-17,16.96284
2021-10-18,19.3861
2021-10-19,25.04038
2021-10-20,21.16316
2021-10-21,21.32471
2021-10-22,19.22455
2021-10-23,13.73182
2021-10-24,14.53957
2021-10-25,20.67851
2021-10-26,25.84814
2021-10-27,20.03231
2021-10-28,15.02423
2021-10-29,20.03231
2021-10-30,16.80129
2021-10-31,13.24717
2021-11-01,17.12439
2021-11-02,21.97092
2021-11-03,16.80129
2021-11-04,16.47819
2021-11-05,17.93214
2021-11-06,12.43941
2021-11-07,12.43941
2021-11-08,21.00161
2021-11-09,16.47819
2021-11-10,21.32471
2021-11-11,14.21647
2021-11-12,16.96284
2021-11-13,14.05492
2021-11-14,16.31663
2021-11-15,17.28594
2021-11-16,18.25525
2021-11-17,17.44749
2021-11-18,17.77059
2021-11-19,18.57835
2021-11-20,14.37802
2021-11-21,5.33117
2021-11-22,13.57027
2021-11-23,16.47819
2021-11-24,15.83198
2021-11-25,19.063
2021-11-26,18.09369
2021-11-27,14.53957
2021-11-28,15.34733
2021-11-29,18.90145
2021-11-30,21.32471
2021-12-01,24.07108
2021-12-02,17.93214
2021-12-03,18.7399
2021-12-04,16.47819
2021-12-05,15.18578
2021-12-06,16.47819
2021-12-07,22.45557
2021-12-08,20.67851
2021-12-09,21.00161
2021-12-10,19.3861
2021-12-11,14.86268
2021-12-12,16.15508
2021-12-13,23.26332
2021-12-14,21.48626
2021-12-15,18.7399
2021-12-16,14.86268
2021-12-17,11.79321
2021-12-18,14.86268
2021-12-19,11.63166
2021-12-20,17.93214
2021-12-21,23.90953
2021-12-22,22.13247
2021-12-23,14.37802
2021-12-24,16.31663
2021-12-25,10.66235
2021-12-26,16.31663
2021-12-27,13.40872
2021-12-28,19.54765
2021-12-29,23.10177
2021-12-30,21.48626
2021-12-31,18.90145
2022-01-01,20.84006
2022-01-02,15.99353
2022-01-03,26.33279
2022-01-04,26.49434
2022-01-05,32.47172
2022-01-06,23.26332
2022-01-07,21.80936
2022-01-08,19.22455
2022-01-09,20.03231
2022-01-10,28.10985
2022-01-11,21.16316
2022-01-12,22.77867
2022-01-13,22.61712
2022-01-14,22.61712
2022-01-15,16.31663
2022-01-16,18.09369
2022-01-17,31.01777
2022-01-18,26.33279
2022-01-19,27.46365
2022-01-20,29.72536
2022-01-21,24.71728
2022-01-22,21.48626
2022-01-23,24.23263
2022-01-24,43.29563
2022-01-25,37.64135
2022-01-26,35.21809
2022-01-27,37.64135
2022-01-28,30.37156
2022-01-29,23.10177
2022-01-30,19.063
2022-01-31,25.04038
2022-02-01,27.14054
2022-02-02,26.65589
2022-02-03,38.44911
2022-02-04,35.54119
2022-02-05,25.36348
2022-02-06,24.87883
2022-02-07,43.29563
2022-02-08,64.62035
2022-02-09,38.61066
2022-02-10,41.19547
2022-02-11,36.8336
2022-02-12,24.55573
2022-02-13,31.66397
2022-02-14,31.17932
2022-02-15,39.74151
2022-02-16,33.44103
2022-02-17,35.37964
2022-02-18,34.08723
2022-02-19,22.94022
2022-02-20,34.41033
2022-02-21,54.28109
2022-02-22,58.15831
2022-02-23,45.07269
2022-02-24,48.94991
2022-02-25,44.58804
2022-02-26,29.40226
2022-02-27,25.36348
2022-02-28,39.90306
2022-03-01,30.85621
2022-03-02,32.63327
2022-03-03,35.37964
2022-03-04,26.49434
2022-03-05,21.80936
2022-03-06,21.97092
2022-03-07,21.64781
2022-03-08,22.29402
2022-03-09,16.47819
2022-03-10,26.65589
2022-03-11,31.66397
2022-03-12,20.35541
2022-03-13,100.0
2022-03-14,39.41841
2022-03-15,30.85621
2022-03-16,68.01292
2022-03-17,37.1567
2022-03-18,26.97899
2022-03-19,21.64781
2022-03-20,27.78675
2022-03-21,30.21001
2022-03-22,32.14862
2022-03-23,26.17124
2022-03-24,27.78675
2022-03-25,33.11793
2022-03-26,21.16316
2022-03-27,21.64781
2022-03-28,28.9176
2022-03-29,23.90953
2022-03-30,31.66397
2022-03-31,26.65589
2022-04-01,21.80936
2022-04-02,20.51696
2022-04-03,19.3861
2022-04-04,23.42487
2022-04-05,25.36348
2022-04-06,27.6252
2022-04-07,23.58642
2022-04-08,38.61066
2022-04-09,14.53957
2022-04-10,21.64781
2022-04-11,16.31663
2022-04-12,19.7092
2022-04-13,25.36348
2022-04-14,34.41033
2022-04-15,23.90953
2022-04-16,15.18578
2022-04-17,20.51696
2022-04-18,21.32471
2022-04-19,30.69466
2022-04-20,26.33279
2022-04-21,19.3861
2022-04-22,20.35541
2022-04-23,19.54765
2022-04-24,17.77059
2022-04-25,28.10985
2022-04-26,26.81744
2022-04-27,24.55573
2022-04-28,21.97092
2022-04-29,21.48626
2022-04-30,12.92407
2022-05-01,13.08562
2022-05-02,20.03231
2022-05-03,21.48626
2022-05-04,20.19386
2022-05-05,16.80129
2022-05-06,21.48626
2022-05-07,14.70113
2022-05-08,15.50888
2022-05-09,20.35541
2022-05-10,24.07108
2022-05-11,24.23263
2022-05-12,23.10177
2022-05-13,17.28594
2022-05-14,13.73182
2022-05-15,14.21647
2022-05-16,17.93214
2022-05-17,20.03231
2022-05-18,21.32471
2022-05-19,21.32471
2022-05-20,17.12439
2022-05-21,12.60096
2022-05-22,11.79321
2022-05-23,23.42487
2022-05-24,14.37802
2022-05-25,21.48626
2022-05-26,20.84006
2022-05-27,18.57835
2022-05-28,14.05492
2022-05-29,11.30856
2022-05-30,22.45557
2022-05-31,24.55573
2022-06-01,20.67851
2022-06-02,34.08723
2022-06-03,20.19386
2022-06-04,11.79321
2022-06-05,18.09369
2022-06-06,20.84006
2022-06-07,25.68659
2022-06-08,43.45718
2022-06-09,24.23263
2022-06-10,42.32633
2022-06-11,20.19386
2022-06-12,24.55573
2022-06-13,28.10985
2022-06-14,29.72536
2022-06-15,25.20193
2022-06-16,32.47172
2022-06-17,29.88691
2022-06-18,21.32471
2022-06-19,24.71728
2022-06-20,24.71728
2022-06-21,27.6252
2022-06-22,24.55573
2022-06-23,24.55573
2022-06-24,23.42487
2022-06-25,17.77059
2022-06-26,16.63974
2022-06-27,18.90145
2022-06-28,23.42487
2022-06-29,23.58642
2022-06-30,26.17124
2022-07-01,21.00161
2022-07-02,11.79321
2022-07-03,18.90145
2022-07-04,26.00969
2022-07-05,21.00161
2022-07-06,22.29402
2022-07-07,24.55573
2022-07-08,19.7092
2022-07-09,14.86268
2022-07-10,18.4168
2022-07-11,20.51696
2022-07-12,21.16316
2022-07-13,31.01777
2022-07-14,31.01777
2022-07-15,22.77867
2022-07-16,22.61712
2022-07-17,20.03231
2022-07-18,26.49434
2022-07-19,27.78675
2022-07-20,29.72536
2022-07-21,30.21001
2022-07-22,23.90953
2022-07-23,15.83198
2022-07-24,19.3861
2022-07-25,34.73344
2022-07-26,26.81744
2022-07-27,28.75605
2022-07-28,23.10177
2022-07-29,19.54765
2022-07-30,17.12439
2022-07-31,15.67043
2022-08-01,22.29402
2022-08-02,21.97092
2022-08-03,26.00969
2022-08-04,24.39418
2022-08-05,26.17124
2022-08-06,19.87075
2022-08-07,17.28594
2022-08-08,19.54765
2022-08-09,21.48626
2022-08-10,26.49434
2022-08-11,22.77867
2022-08-12,26.65589
2022-08-13,16.31663
2022-08-14,18.09369
2022-08-15,18.90145
2022-08-16,30.04846
2022-08-17,30.04846
2022-08-18,28.10985
2022-08-19,23.58642
2022-08-20,16.96284
2022-08-21,23.42487
2022-08-22,25.36348
2022-08-23,27.78675
2022-08-24,30.04846
2022-08-25,33.60258
2022-08-26,32.47172
2022-08-27,18.25525
2022-08-28,20.19386
2022-08-29,25.20193
2022-08-30,28.2714
2022-08-31,26.17124
2022-09-01,24.07108
2022-09-02,24.55573
2022-09-03,19.22455
2022-09-04,18.09369
2022-09-05,22.45557
2022-09-06,23.90953
2022-09-07,25.36348
2022-09-08,21.16316
2022-09-09,15.34733
2022-09-10,9.69305
2022-09-11,22.29402
2022-09-12,25.52504
2022-09-13,40.22617
2022-09-14,33.44103
2022-09-15,30.53311
2022-09-16,25.20193
2022-09-17,19.7092
2022-09-18,19.22455
2022-09-19,27.3021
2022-09-20,26.33279
2022-09-21,29.72536
2022-09-22,29.40226
2022-09-23,30.21001
2022-09-24,22.61712
2022-09-25,22.94022
2022-09-26,29.07915
2022-09-27,30.69466
2022-09-28,34.73344
2022-09-29,33.44103
2022-09-30,32.63327
2022-10-01,19.87075
2022-10-02,17.60904
2022-10-03,21.64781
2022-10-04,25.20193
2022-10-05,31.66397
2022-10-06,33.60258
2022-10-07,30.21001
2022-10-08,21.16316
2022-10-09,20.03231
2022-10-10,24.07108
2022-10-11,27.78675
2022-10-12,39.09531
2022-10-13,45.55735
2022-10-14,43.13408
2022-10-15,27.3021
2022-10-16,29.07915
2022-10-17,39.57996
2022-10-18,47.49596
2022-10-19,46.20355
2022-10-20,45.88045
2022-10-21,30.21001
2022-10-22,26.33279
2022-10-23,23.58642
2022-10-24,34.24878
2022-10-25,44.74959
2022-10-26,35.37964
2022-10-27,37.64135
2022-10-28,32.31017
2022-10-29,22.94022
2022-10-30,21.32471
2022-10-31,31.50242
2022-11-01,36.5105
2022-11-02,34.24878
2022-11-03,36.02584
2022-11-04,34.89499
2022-11-05,21.80936
2022-11-06,22.45557
2022-11-07,37.8029
2022-11-08,38.93376
2022-11-09,35.21809
2022-11-10,37.1567
2022-11-11,30.21001
2022-11-12,21.00161
2022-11-13,25.20193
2022-11-14,39.90306
2022-11-15,39.74151
2022-11-16,36.18739
2022-11-17,32.14862
2022-11-18,34.24878
2022-11-19,17.12439
2022-11-20,20.67851
2022-11-21,35.21809
2022-11-22,35.54119
2022-11-23,39.90306
2022-11-24,28.10985
2022-11-25,29.72536
2022-11-26,27.14054
2022-11-27,25.84814
2022-11-28,36.8336
2022-11-29,29.07915
2022-11-30,32.79483
2022-12-01,31.01777
2022-12-02,23.26332
2022-12-03,12.76252
2022-12-04,20.51696
2022-12-05,29.88691
2022-12-06,30.85621
2022-12-07,28.2714
2022-12-08,32.31017
2022-12-09,32.63327
2022-12-10,18.4168
2022-12-11,22.61712
2022-12-12,32.31017
2022-12-13,29.72536
2022-12-14,28.43295
2022-12-15,29.07915
2022-12-16,25.04038
2022-12-17,17.28594
2022-12-18,20.35541
2022-12-19,29.56381
2022-12-20,25.52504
2022-12-21,25.52504
2022-12-22,22.45557
2022-12-23,25.04038
2022-12-24,22.13247
2022-12-25,22.45557
2022-12-26,31.98707
2022-12-27,24.55573
2022-12-28,24.23263
2022-12-29,27.78675
2022-12-30,36.67205
2022-12-31,18.09369
2023-01-01,25.84814
2023-01-02,37.8029
2023-01-03,28.43295
2023-01-04,30.53311
2023-01-05,26.65589
2023-01-06,28.75605
2023-01-07,17.77059
2023-01-08,26.49434
2023-01-09,32.47172
2023-01-10,36.67205
2023-01-11,30.69466
2023-01-12,29.24071
2023-01-13,27.6252
2023-01-14,25.04038
2023-01-15,24.55573
2023-01-16,26.81744
2023-01-17,30.53311
2023-01-18,24.23263
2023-01-19,26.81744
2023-01-20,26.81744
2023-01-21,22.77867
2023-01-22,20.67851
2023-01-23,24.71728
2023-01-24,33.44103
2023-01-25,42.64943
2023-01-26,43.29563
2023-01-27,36.99515
2023-01-28,23.10177
2023-01-29,24.87883
2023-01-30,28.43295
2023-01-31,36.18739
2023-02-01,34.24878
2023-02-02,30.37156
2023-02-03,33.11793
2023-02-04,22.61712
2023-02-05,18.90145
2023-02-06,30.53311
2023-02-07,31.66397
2023-02-08,27.3021
2023-02-09,31.34087
2023-02-10,29.72536
2023-02-11,20.35541
2023-02-12,19.54765
2023-02-13,29.24071
2023-02-14,22.45557
2023-02-15,26.65589
2023-02-16,32.79483
2023-02-17,22.61712
2023-02-18,14.53957
2023-02-19,20.67851
2023-02-20,31.17932
2023-02-21,29.40226
2023-02-22,26.33279
2023-02-23,26.33279
2023-02-24,30.53311
2023-02-25,17.77059
2023-02-26,20.67851
2023-02-27,26.33279
2023-02-28,29.07915
2023-03-01,23.58642
2023-03-02,22.94022
2023-03-03,23.58642
2023-03-04,18.57835
2023-03-05,18.09369
2023-03-06,27.14054
2023-03-07,24.71728
2023-03-08,28.5945
2023-03-09,26.17124
2023-03-10,29.24071
2023-03-11,17.60904
2023-03-12,15.34733
2023-03-13,22.61712
2023-03-14,22.45557
2023-03-15,22.61712
2023-03-16,30.69466
2023-03-17,21.48626
2023-03-18,17.28594
2023-03-19,16.63974
2023-03-20,24.07108
2023-03-21,21.64781
2023-03-22,23.58642
2023-03-23,33.60258
2023-03-24,32.63327
2023-03-25,17.28594
2023-03-26,19.3861
2023-03-27,28.2714
2023-03-28,27.9483
2023-03-29,29.56381
2023-03-30,23.10177
2023-03-31,20.35541
2023-04-01,12.27786
2023-04-02,12.76252
2023-04-03,17.93214
2023-04-04,20.35541
2023-04-05,23.42487
2023-04-06,21.80936
2023-04-07,20.03231
2023-04-08,14.21647
2023-04-09,13.08562
2023-04-10,22.45557
2023-04-11,27.3021
2023-04-12,25.68659
2023-04-13,19.87075
2023-04-14,20.35541
2023-04-15,18.90145
2023-04-16,16.47819
2023-04-17,27.46365
2023-04-18,24.07108
2023-04-19,25.36348
2023-04-20,20.51696
2023-04-21,21.97092
2023-04-22,11.30856
2023-04-23,15.34733
2023-04-24,19.87075
2023-04-25,23.26332
2023-04-26,20.35541
2023-04-27,15.83198
2023-04-28,19.3861
2023-04-29,14.21647
2023-04-30,19.54765
2023-05-01,22.13247
2023-05-02,23.90953
2023-05-03,22.29402
2023-05-04,25.84814
2023-05-05,13.08562
2023-05-06,17.60904
2023-05-07,16.80129
2023-05-08,25.52504
2023-05-09,23.26332
2023-05-10,20.84006
2023-05-11,27.9483
2023-05-12,19.7092
2023-05-13,12.43941
2023-05-14,15.67043
2023-05-15,29.72536
2023-05-16,22.29402
2023-05-17,25.04038
2023-05-18,19.7092
2023-05-19,23.42487
2023-05-20,14.70113
2023-05-21,16.63974
2023-05-22,22.29402
2023-05-23,31.34087
2023-05-24,22.45557
2023-05-25,28.9176
2023-05-26,23.26332
2023-05-27,16.47819
2023-05-28,18.25525
2023-05-29,22.13247
2023-05-30,29.88691
2023-05-31,29.40226
2023-06-01,28.2714
2023-06-02,22.45557
2023-06-03,16.31663
2023-06-04,21.97092
2023-06-05,26.00969
2023-06-06,23.90953
2023-06-07,22.94022
2023-06-08,32.31017
2023-06-09,27.78675
2023-06-10,20.35541
2023-06-11,19.87075
2023-06-12,30.85621
2023-06-13,29.72536
2023-06-14,30.21001
2023-06-15,39.57996
2023-06-16,25.84814
2023-06-17,16.15508
2023-06-18,20.19386
2023-06-19,23.58642
2023-06-20,27.3021
2023-06-21,25.52504
2023-06-22,28.10985
2023-06-23,29.56381
2023-06-24,17.60904
2023-06-25,18.90145
2023-06-26,29.24071
2023-06-27,26.65589
2023-06-28,29.40226
2023-06-29,28.2714
2023-06-30,24.71728
2023-07-01,16.47819
2023-07-02,23.10177
2023-07-03,25.04038
2023-07-04,26.49434
2023-07-05,28.75605
2023-07-06,24.39418
2023-07-07,24.87883
2023-07-08,17.12439
2023-07-09,15.83198
2023-07-10,28.5945
2023-07-11,28.2714
2023-07-12,31.50242
2023-07-13,27.6252
2023-07-14,23.90953
2023-07-15,20.51696
2023-07-16,26.17124
2023-07-17,29.40226
2023-07-18,25.84814
2023-07-19,20.19386
2023-07-20,26.00969
2023-07-21,25.04038
2023-07-22,14.86268
2023-07-23,20.03231
2023-07-24,26.65589
2023-07-25,29.88691
2023-07-26,21.64781
2023-07-27,22.13247
2023-07-28,23.90953
2023-07-29,26.65589
2023-07-30,26.65589
2023-07-31,29.40226
2023-08-01,33.44103
2023-08-02,24.23263
2023-08-03,25.68659
2023-08-04,23.26332
2023-08-05,23.26332
2023-08-06,18.25525
2023-08-07,26.81744
2023-08-08,26.97899
2023-08-09,30.37156
2023-08-10,28.9176
2023-08-11,25.36348
2023-08-12,16.31663
2023-08-13,15.67043
2023-08-14,25.36348
2023-08-15,25.84814
2023-08-16,25.36348
2023-08-17,30.69466
2023-08-18,32.79483
2023-08-19,18.09369
2023-08-20,23.26332
2023-08-21,27.78675
2023-08-22,27.6252
2023-08-23,26.81744
2023-08-24,23.42487
2023-08-25,28.2714
2023-08-26,20.03231
2023-08-27,24.55573
2023-08-28,31.01777
2023-08-29,32.63327
2023-08-30,31.01777
2023-08-31,24.55573
2023-09-01,24.39418
2023-09-02,15.50888
2023-09-03,19.87075
2023-09-04,24.23263
2023-09-05,28.43295
2023-09-06,27.3021
2023-09-07,22.29402
2023-09-08,25.84814
2023-09-09,20.03231
2023-09-10,17.12439
2023-09-11,26.33279
2023-09-12,22.45557
2023-09-13,24.55573
2023-09-14,25.20193
2023-09-15,22.61712
2023-09-16,13.24717
2023-09-17,15.02423
2023-09-18,24.23263
2023-09-19,20.35541
2023-09-20,22.45557
2023-09-21,22.29402
2023-09-22,20.51696
2023-09-23,17.77059
2023-09-24,15.18578
2023-09-25,23.10177
2023-09-26,21.16316
2023-09-27,23.74798
2023-09-28,11.63166
2023-09-29,12.92407
2023-09-30,14.53957
2023-10-01,17.28594
2023-10-02,17.93214
2023-10-03,23.42487
2023-10-04,26.97899
2023-10-05,26.81744
2023-10-06,26.17124
2023-10-07,14.37802
2023-10-08,18.90145
2023-10-09,21.64781
2023-10-10,27.9483
2023-10-11,31.82552
2023-10-12,27.14054
2023-10-13,23.42487
2023-10-14,18.7399
2023-10-15,20.19386
2023-10-16,26.17124
2023-10-17,30.21001
2023-10-18,27.78675
2023-10-19,26.49434
2023-10-20,27.6252
2023-10-21,19.063
2023-10-22,20.19386
2023-10-23,23.74798
2023-10-24,28.10985
2023-10-25,31.50242
2023-10-26,28.2714
2023-10-27,24.71728
2023-10-28,16.96284
2023-10-29,20.03231
2023-10-30,29.24071
2023-10-31,31.66397
2023-11-01,31.01777
2023-11-02,27.3021
2023-11-03,26.17124
2023-11-04,18.4168
2023-11-05,20.19386
2023-11-06,26.49434
2023-11-07,21.00161
2023-11-08,20.84006
2023-11-09,23.90953
2023-11-10,23.42487
2023-11-11,17.77059
2023-11-12,15.50888
2023-11-13,23.74798
2023-11-14,26.00969
2023-11-15,28.5945
2023-11-16,24.07108
2023-11-17,20.51696
2023-11-18,14.37802
2023-11-19,15.99353
2023-11-20,25.84814
2023-11-21,26.17124
2023-11-22,24.39418
2023-11-23,24.23263
2023-11-24,22.29402
2023-11-25,20.67851
2023-11-26,19.3861
2023-11-27,28.9176
2023-11-28,27.9483
2023-11-29,22.13247
2023-11-30,21.64781
2023-12-01,22.29402
2023-12-02,17.77059
2023-12-03,17.77059
2023-12-04,27.78675
2023-12-05,30.04846
2023-12-06,24.23263
2023-12-07,22.77867
2023-12-08,26.33279
2023-12-09,15.34733
2023-12-10,21.00161
2023-12-11,29.72536
2023-12-12,22.29402
2023-12-13,30.69466
2023-12-14,25.36348
2023-12-15,26.65589
2023-12-16,17.93214
2023-12-17,20.51696
2023-12-18,22.13247
2023-12-19,26.49434
2023-12-20,28.2714
2023-12-21,22.94022
2023-12-22,27.3021
2023-12-23,19.7092
2023-12-24,17.77059
2023-12-25,23.10177
2023-12-26,28.2714
2023-12-27,30.69466
2023-12-28,31.17932
2023-12-29,28.43295
2023-12-30,22.61712
2023-12-31,21.48626
2024-01-01,31.34087
2024-01-02,40.54927
2024-01-03,41.35702
2024-01-04,43.45718
2024-01-05,41.51857
2024-01-06,23.74798
2024-01-07,30.53311
2024-01-08,37.96445
2024-01-09,48.94991
2024-01-10,46.84975
2024-01-11,43.29563
2024-01-12,35.86429
2024-01-13,29.56381
2024-01-14,27.46365
2024-01-15,40.22617
2024-01-16,43.13408
2024-01-17,43.13408
2024-01-18,39.90306
2024-01-19,42.97253
2024-01-20,33.60258
2024-01-21,47.0113
2024-01-22,42.48788
2024-01-23,51.05008
2024-01-24,48.30371
2024-01-25,56.54281
2024-01-26,50.88852
2024-01-27,38.93376
2024-01-28,37.31825
2024-01-29,57.35056
2024-01-30,52.82714
2024-01-31,47.81906
2024-02-01,54.11954
2024-02-02,43.29563
2024-02-03,30.37156
2024-02-04,35.54119
2024-02-05,43.78029
2024-02-06,36.5105
2024-02-07,38.28756
2024-02-08,34.89499
2024-02-09,25.36348
2024-02-10,24.55573
2024-02-11,29.72536
2024-02-12,33.11793
2024-02-13,46.52665
2024-02-14,50.88852
2024-02-15,38.77221
2024-02-16,42.48788
2024-02-17,24.23263
2024-02-18,38.93376
2024-02-19,45.88045
2024-02-20,52.66558
2024-02-21,52.98869
2024-02-22,59.61227
2024-02-23,53.31179
2024-02-24,42.81098
2024-02-25,42.48788
2024-02-26,52.66558
2024-02-27,53.95799
2024-02-28,51.53473
2024-02-29,44.91114
2024-03-01,50.24232
2024-03-02,32.47172
2024-03-03,36.02584
2024-03-04,44.91114
2024-03-05,48.94991
2024-03-06,42.32633
2024-03-07,41.84168
2024-03-08,37.4798
2024-03-09,28.5945
2024-03-10,30.69466
2024-03-11,40.22617
2024-03-12,36.02584
2024-03-13,37.64135
2024-03-14,33.44103
2024-03-15,35.37964
2024-03-16,24.07108
2024-03-17,26.97899
2024-03-18,32.47172
2024-03-19,56.86591
2024-03-20,50.08077
