{
    "BASE_URL": "https://api.searchad.naver.com",
    "CUSTOMER_ID": "2892384",
    "API_KEY": "01000000000c6fe5f2e0420440d9f675d55abc3a528ab077419121ed99e6ab152a8972b41f",
    "SECRET_KEY": "AQAAAAAMb+Xy4EIEQNn2ddVavDpSXT4tzG4KaE6y88vvenBUVA==",
    "URI": "/keywordstool",
    "METHOD": "GET",
    "Naver_blog_id" : "2J0Rhxh4Ig0SVFB3Oczm",
    "Naver_blog_pw" : "862RL1YrSm",
    


    "clients": {
        "id_1": {
            
            "client_id": "7yTwrbdrmIODhzAfA3SR",
            "client_secret": "URXdryJwwP",
            "name": "# 조찬규5"

    



                    },
        "id_2": {

            "client_id": "GpD4T_5bPyo97grAbZ3V",
            "client_secret": "P9Y0HF5WOE",
            "name": "# 조찬규4"

            
        },
        "id_3": {

            
            "client_id": "Ica1WJljup8wS41kTffA",
            "client_secret": "PT2dxpZWMN",
            "name": "# 조찬규 2"
            
        },
        "id_4": {
            "client_id": "L0MZW2ypu3Wa61B5Vcg2",
            "client_secret": "iEf7gwgKEt",
            "name": "# 오미 연구원 "
        },
        "id_5": {

            "client_id": "JNhm0u5FvGCoHANooGaG",
            "client_secret": "89EXyubHL3",
            "name": "# 인성 연구원"

        },
        "id_6": {

            "client_id": "7yTwrbdrmIODhzAfA3SR",
            "client_secret": "URXdryJwwP",
            "name": "# 미주 연구원"


        },
        "id_7": {

            "client_id": "y3ft_k6LA9fg4OYuuqKz",
            "client_secret": "pHm0b5broI",
            "name": "# 조찬규 1"

        },
        "id_8": {
            "client_id": "mZtQ5QquBFIrshEwfZBv",
            "client_secret": "jAIZheOMh8",
            "name": "# 윤호 선임"

        },
        "id_9": {
            "client_id": "u30JzoczYBbu1lqwzPis",
            "client_secret": "ZlVh8nEuNi",
            "name": "# 가현 선임"

        },
        "id_10": {
            "client_id": "JBZVGpAyhfoWNwLfITGK",
            "client_secret": "vq_pfgUBtu",
            "name": "# 지훈 연구원"
        },
        "id_11": {
        },
        "id_12" : {
            "client_id": "eTPkCmA8Ug1GNyeu0rbD",
            "client_secret": "pC1iK2RSSC",
            "name": "# 범수 선임"
        },
        "id_13" : {
            "client_id": "eywsrQuPMFtlbYz1XAl7",
            "client_secret": "Me4ra4s8od",
            "name": "# 이사님"
       },
        "id_14" : {
            "client_id": "caqyLeFpwxm73E1Bc4uk",
            "client_secret": "k9epWgz_ub",
            "name": "# 형섭 주임"
        },
        "id_15" : {
            "client_id": "UcxKdYQZjj2FhdkZjgRz",
            "client_secret": "uy9jFsFAOr",
            "name": "# 효경 주임"   
        }

}}