﻿,일별 급상승,주별 급상승,주별 지속상승,월별 급상승,월별 지속상승,월별 규칙성
240328 검색어 수,7,107,195,196,94,88
240329 검색어 수,7,99,186,193,90,88
검색어 증감,0,-8,-9,-3,-4,0
검색어 증감(%),0.0,-7.48,-4.62,-1.53,-4.26,0.0
새로운 검색어,"'상장주식', '전자화폐', '상속전문변호사', '삼천당제약주가', '중고노트북매입', '펀드', '배당금계산기'","'해남부동산', '삼성전자주가', '산티아고순례길', '재택근무직업', '인텔주가', '차용금', '실비보험료인상', '자동차보험료계산', '애플주가', '3D프린터종류', '그림전시', '비갱신암보험', '상속등기', 'DEX거래소', '상속세신고', '실비보험비갱신', 'QQQ주가', '금리인하', '법인', '가업승계'","'신용카드캐시백', '부가세', '부업추천', '가계부', '나스닥ETF', '자동차의무보험', '금투자방법', '개인연금IRP', '질병후유장해', '오늘금시세한돈', '카드발급이벤트', '보험실비', 'MMF통장', '차용증법적효력', '시급계산기', 'ISA계좌개설', '힐스테이트', '방산주', '해외주식수수료비교', '지원사업', '실손보험', '상속세신고', '기아주식', '아파트취등록세계산기'","'KODEX미국S&P500TR', '그림전시', '이더리움시세', '상장폐지주식', '보증금대출', '월세지원금', '삼성생명주가', 'ETF배당금'","'보증금대출', '월세지원금', '배당주', '일본주식', '손해보험'","'법인등기', '당뇨보험', '평생교육원', '보험사', '공모전', '부동산매매', '노후준비', '질권설정'"
빠진 검색어,"'스팩주', '쓰레스홀드코인', '레이븐코인', '3D프린터기', '코인상장', '14K금시세', '민팅'","'케이비손해보험', '종합보험', '삼성증권ISA', '실손보험비교', '자동차보험갱신', '테더코인', 'QQQM', '해외선물수수료', '신규사업자대출', 'ART', '채권양도통지서', '투자자산운용사', '국제금시세', '국내금시세', '연금계산기', '미국ETF', '주식수익', '코인상장', 'ISA중개형', '주식차트', 'TIGER헬스케어', '4세대실비보험', '증권사수수료비교', '펀드추천', 'LH청약', '연금저축펀드', '개인돈대출', '재무제표'","'ETF수익률', '베트남환율', '레이븐코인', '오스코텍주가', '건강보험', '주식검색기', '레고켐바이오주가', '자동차보험갱신', '금시세1돈', '대출조회', '오늘금시세', '해외선물수수료', '금가격', '미국달러환율', '증시현황', '연금보험료', '네이버주식시세', '복리적금', '현관액자', '자동차보험료비교', '전세자금대출금리비교', '부산금소매가', '코인상장', '메타디움', 'TIGER미국S&P500', '1돈', '3D프린터기', '개인돈대출', '알테오젠주가', '금리인하', '대부대출', 'CI보험', 'KB'","'코스모스코인', '해외선물수수료', '밈코인', '금팔때시세', '실비보험비교사이트', '인도증시', '현대미술작가', '국내금시세', '오늘의금값시세', '보험설계', 'NH투자증권'","'관세', '해외선물수수료', '바이오ETF', '조세특례제한법', '프랜차이즈박람회', '자동차보험조회', '초기비용없는재택알바', '보험설계', 'KB'","'요식업', '강제집행', '벤처기업인증', '상속포기신청', '경매', '솔루션', '소득공제', '창업대출'"
주요 검색어,배당금계산기,삼성전자우,대여금반환청구소송,금값시세,종합보험,연말정산간소화
